{"cameraMode":{"drawMode":0,"name":"Shaded","section":"Shading Mode"},"sceneLighting":false,"audioPlay":false,"sceneViewState":{"showFog":true,"showMaterialUpdate":false,"showSkybox":true,"showFlares":true,"showImageEffects":true,"showParticleSystems":true},"in2DMode":false,"pivot":{"x":-2.890159845352173,"y":15.16342544555664,"z":12.128493309020996},"rotation":{"x":0.06664927303791046,"y":0.9057878255844116,"z":-0.388433575630188,"w":0.15705448389053346},"size":28.96239471435547,"orthographic":true}